CREATE DATABASE  IF NOT EXISTS `network_management` /*!40100 DEFAULT CHARACTER SET utf8mb4 COLLATE utf8mb4_vi_0900_ai_ci */ /*!80016 DEFAULT ENCRYPTION='N' */;
USE `network_management`;
-- MySQL dump 10.13  Distrib 8.0.27, for Win64 (x86_64)
--
-- Host: localhost    Database: network_management
-- ------------------------------------------------------
-- Server version	8.0.27

/*!40101 SET @OLD_CHARACTER_SET_CLIENT=@@CHARACTER_SET_CLIENT */;
/*!40101 SET @OLD_CHARACTER_SET_RESULTS=@@CHARACTER_SET_RESULTS */;
/*!40101 SET @OLD_COLLATION_CONNECTION=@@COLLATION_CONNECTION */;
/*!50503 SET NAMES utf8 */;
/*!40103 SET @OLD_TIME_ZONE=@@TIME_ZONE */;
/*!40103 SET TIME_ZONE='+00:00' */;
/*!40014 SET @OLD_UNIQUE_CHECKS=@@UNIQUE_CHECKS, UNIQUE_CHECKS=0 */;
/*!40014 SET @OLD_FOREIGN_KEY_CHECKS=@@FOREIGN_KEY_CHECKS, FOREIGN_KEY_CHECKS=0 */;
/*!40101 SET @OLD_SQL_MODE=@@SQL_MODE, SQL_MODE='NO_AUTO_VALUE_ON_ZERO' */;
/*!40111 SET @OLD_SQL_NOTES=@@SQL_NOTES, SQL_NOTES=0 */;

--
-- Table structure for table `account`
--

DROP TABLE IF EXISTS `account`;
/*!40101 SET @saved_cs_client     = @@character_set_client */;
/*!50503 SET character_set_client = utf8mb4 */;
CREATE TABLE `account` (
  `id` int NOT NULL AUTO_INCREMENT,
  `username` varchar(30) COLLATE utf8mb4_vi_0900_ai_ci NOT NULL,
  `password` varchar(30) COLLATE utf8mb4_vi_0900_ai_ci NOT NULL,
  `description` varchar(255) CHARACTER SET utf8mb4 COLLATE utf8mb4_vi_0900_ai_ci DEFAULT NULL,
  `isActive` tinyint(1) DEFAULT NULL,
  `isDelete` tinyint(1) DEFAULT NULL,
  `teamId` int DEFAULT NULL,
  PRIMARY KEY (`id`),
  KEY `fk_account_team` (`teamId`),
  CONSTRAINT `fk_account_team` FOREIGN KEY (`teamId`) REFERENCES `team` (`id`)
) ENGINE=InnoDB AUTO_INCREMENT=29 DEFAULT CHARSET=utf8mb4 COLLATE=utf8mb4_vi_0900_ai_ci;
/*!40101 SET character_set_client = @saved_cs_client */;

--
-- Dumping data for table `account`
--

LOCK TABLES `account` WRITE;
/*!40000 ALTER TABLE `account` DISABLE KEYS */;
INSERT INTO `account` VALUES (1,'admin','1','This is admin account',1,0,1),(2,'nva','1','This is new acount for work team update 1234',1,1,NULL),(3,'nvb','1','abcd',1,1,NULL),(4,'nvc','1','undefined',1,0,NULL),(5,'nvd','1','undefined',1,1,NULL),(6,'nve','1','undefined',1,0,NULL),(7,'nve','1','undefined',1,0,NULL),(8,'nve','1','undefined',1,0,NULL),(9,'nve','1','undefined',1,0,NULL),(10,'nve','1','new description',1,1,NULL),(11,'nve','1','null',1,1,NULL),(12,'nve','1','null',1,0,NULL),(13,'nve','1','new description',1,0,NULL),(14,'nve','1','null',1,0,NULL),(15,'nqhoa','1','dem create',1,0,NULL),(16,'nve','1','null',1,0,NULL),(17,'nve','1','null',1,0,NULL),(18,'nve','1','null',1,0,NULL),(19,'nve','1','null',1,0,NULL),(20,'nve','1','null',1,0,NULL),(21,'nve','1','null',1,1,NULL),(22,'nve','1','null',1,0,NULL),(23,'nvc','1','de',1,1,NULL),(24,'nvd','undefined','undefined',1,1,NULL),(25,'03092000','1','undefined',1,0,NULL),(26,'hoa','1','abcd',1,1,NULL),(27,'hoa','1','abc',1,1,NULL),(28,'nve','1','update des',1,0,2);
/*!40000 ALTER TABLE `account` ENABLE KEYS */;
UNLOCK TABLES;

--
-- Table structure for table `daily`
--

DROP TABLE IF EXISTS `daily`;
/*!40101 SET @saved_cs_client     = @@character_set_client */;
/*!50503 SET character_set_client = utf8mb4 */;
CREATE TABLE `daily` (
  `id` int NOT NULL AUTO_INCREMENT,
  `workDate` date NOT NULL,
  `monthlyId` int NOT NULL,
  `description` varchar(255) CHARACTER SET utf8mb4 COLLATE utf8mb4_vi_0900_ai_ci DEFAULT NULL,
  PRIMARY KEY (`id`),
  KEY `fk_daily_monthly` (`monthlyId`),
  CONSTRAINT `fk_daily_monthly` FOREIGN KEY (`monthlyId`) REFERENCES `monthly` (`id`) ON DELETE CASCADE ON UPDATE CASCADE
) ENGINE=InnoDB AUTO_INCREMENT=185 DEFAULT CHARSET=utf8mb4 COLLATE=utf8mb4_vi_0900_ai_ci;
/*!40101 SET character_set_client = @saved_cs_client */;

--
-- Dumping data for table `daily`
--

LOCK TABLES `daily` WRITE;
/*!40000 ALTER TABLE `daily` DISABLE KEYS */;
INSERT INTO `daily` VALUES (1,'2023-07-01',2,NULL),(2,'2023-07-02',2,NULL),(3,'2023-07-03',2,NULL),(4,'2023-07-04',2,NULL),(5,'2023-07-05',2,NULL),(6,'2023-07-06',2,NULL),(7,'2023-07-07',2,NULL),(8,'2023-07-08',2,NULL),(9,'2023-07-09',2,NULL),(10,'2023-07-10',2,NULL),(11,'2023-07-11',2,NULL),(12,'2023-07-12',2,NULL),(13,'2023-07-13',2,NULL),(14,'2023-07-14',2,NULL),(15,'2023-07-15',2,NULL),(16,'2023-07-16',2,NULL),(17,'2023-07-17',2,NULL),(18,'2023-07-18',2,NULL),(19,'2023-07-19',2,NULL),(20,'2023-07-20',2,NULL),(21,'2023-07-21',2,NULL),(22,'2023-07-22',2,NULL),(23,'2023-07-23',2,NULL),(24,'2023-07-24',2,NULL),(25,'2023-07-25',2,NULL),(26,'2023-07-26',2,NULL),(27,'2023-07-27',2,NULL),(28,'2023-07-28',2,NULL),(29,'2023-07-29',2,NULL),(30,'2023-07-30',2,NULL),(31,'2023-07-31',2,NULL),(32,'2023-06-01',3,NULL),(33,'2023-06-02',3,NULL),(34,'2023-06-03',3,NULL),(35,'2023-06-04',3,NULL),(36,'2023-06-05',3,NULL),(37,'2023-06-06',3,NULL),(38,'2023-06-07',3,NULL),(39,'2023-06-08',3,NULL),(40,'2023-06-09',3,NULL),(41,'2023-06-10',3,NULL),(42,'2023-06-11',3,NULL),(43,'2023-06-12',3,NULL),(44,'2023-06-13',3,NULL),(45,'2023-06-14',3,NULL),(46,'2023-06-15',3,NULL),(47,'2023-06-16',3,NULL),(48,'2023-06-17',3,NULL),(49,'2023-06-18',3,NULL),(50,'2023-06-19',3,NULL),(51,'2023-06-20',3,NULL),(52,'2023-06-21',3,NULL),(53,'2023-06-22',3,NULL),(54,'2023-06-23',3,NULL),(55,'2023-06-24',3,NULL),(56,'2023-06-25',3,NULL),(57,'2023-06-26',3,NULL),(58,'2023-06-27',3,NULL),(59,'2023-06-28',3,NULL),(60,'2023-06-29',3,NULL),(61,'2023-06-30',3,NULL),(62,'2023-09-01',4,NULL),(63,'2023-09-02',4,NULL),(64,'2023-09-03',4,NULL),(65,'2023-09-04',4,NULL),(66,'2023-09-05',4,NULL),(67,'2023-09-06',4,NULL),(68,'2023-09-07',4,NULL),(69,'2023-09-08',4,NULL),(70,'2023-09-09',4,NULL),(71,'2023-09-10',4,NULL),(72,'2023-09-11',4,NULL),(73,'2023-09-12',4,NULL),(74,'2023-09-13',4,NULL),(75,'2023-09-14',4,NULL),(76,'2023-09-15',4,NULL),(77,'2023-09-16',4,NULL),(78,'2023-09-17',4,NULL),(79,'2023-09-18',4,NULL),(80,'2023-09-19',4,NULL),(81,'2023-09-20',4,NULL),(82,'2023-09-21',4,NULL),(83,'2023-09-22',4,NULL),(84,'2023-09-23',4,NULL),(85,'2023-09-24',4,NULL),(86,'2023-09-25',4,NULL),(87,'2023-09-26',4,NULL),(88,'2023-09-27',4,NULL),(89,'2023-09-28',4,NULL),(90,'2023-09-29',4,NULL),(91,'2023-09-30',4,NULL),(92,'2025-08-01',5,NULL),(93,'2025-08-02',5,NULL),(94,'2025-08-03',5,NULL),(95,'2025-08-04',5,NULL),(96,'2025-08-05',5,NULL),(97,'2025-08-06',5,NULL),(98,'2025-08-07',5,NULL),(99,'2025-08-08',5,NULL),(100,'2025-08-09',5,NULL),(101,'2025-08-10',5,NULL),(102,'2025-08-11',5,NULL),(103,'2025-08-12',5,NULL),(104,'2025-08-13',5,NULL),(105,'2025-08-14',5,NULL),(106,'2025-08-15',5,NULL),(107,'2025-08-16',5,NULL),(108,'2025-08-17',5,NULL),(109,'2025-08-18',5,NULL),(110,'2025-08-19',5,NULL),(111,'2025-08-20',5,NULL),(112,'2025-08-21',5,NULL),(113,'2025-08-22',5,NULL),(114,'2025-08-23',5,NULL),(115,'2025-08-24',5,NULL),(116,'2025-08-25',5,NULL),(117,'2025-08-26',5,NULL),(118,'2025-08-27',5,NULL),(119,'2025-08-28',5,NULL),(120,'2025-08-29',5,NULL),(121,'2025-08-30',5,NULL),(122,'2025-08-31',5,NULL),(123,'2022-07-01',6,NULL),(124,'2022-07-02',6,NULL),(125,'2022-07-03',6,NULL),(126,'2022-07-04',6,NULL),(127,'2022-07-05',6,NULL),(128,'2022-07-06',6,NULL),(129,'2022-07-07',6,NULL),(130,'2022-07-08',6,NULL),(131,'2022-07-09',6,NULL),(132,'2022-07-10',6,NULL),(133,'2022-07-11',6,NULL),(134,'2022-07-12',6,NULL),(135,'2022-07-13',6,NULL),(136,'2022-07-14',6,NULL),(137,'2022-07-15',6,NULL),(138,'2022-07-16',6,NULL),(139,'2022-07-17',6,NULL),(140,'2022-07-18',6,NULL),(141,'2022-07-19',6,NULL),(142,'2022-07-20',6,NULL),(143,'2022-07-21',6,NULL),(144,'2022-07-22',6,NULL),(145,'2022-07-23',6,NULL),(146,'2022-07-24',6,NULL),(147,'2022-07-25',6,NULL),(148,'2022-07-26',6,NULL),(149,'2022-07-27',6,NULL),(150,'2022-07-28',6,NULL),(151,'2022-07-29',6,NULL),(152,'2022-07-30',6,NULL),(153,'2022-07-31',6,NULL),(154,'2023-07-01',7,NULL),(155,'2023-07-02',7,NULL),(156,'2023-07-03',7,NULL),(157,'2023-07-04',7,NULL),(158,'2023-07-05',7,NULL),(159,'2023-07-06',7,NULL),(160,'2023-07-07',7,NULL),(161,'2023-07-08',7,NULL),(162,'2023-07-09',7,NULL),(163,'2023-07-10',7,NULL),(164,'2023-07-11',7,NULL),(165,'2023-07-12',7,NULL),(166,'2023-07-13',7,NULL),(167,'2023-07-14',7,NULL),(168,'2023-07-15',7,NULL),(169,'2023-07-16',7,NULL),(170,'2023-07-17',7,NULL),(171,'2023-07-18',7,NULL),(172,'2023-07-19',7,NULL),(173,'2023-07-20',7,NULL),(174,'2023-07-21',7,NULL),(175,'2023-07-22',7,NULL),(176,'2023-07-23',7,NULL),(177,'2023-07-24',7,NULL),(178,'2023-07-25',7,NULL),(179,'2023-07-26',7,NULL),(180,'2023-07-27',7,NULL),(181,'2023-07-28',7,NULL),(182,'2023-07-29',7,NULL),(183,'2023-07-30',7,NULL),(184,'2023-07-31',7,NULL);
/*!40000 ALTER TABLE `daily` ENABLE KEYS */;
UNLOCK TABLES;

--
-- Table structure for table `monthly`
--

DROP TABLE IF EXISTS `monthly`;
/*!40101 SET @saved_cs_client     = @@character_set_client */;
/*!50503 SET character_set_client = utf8mb4 */;
CREATE TABLE `monthly` (
  `id` int NOT NULL AUTO_INCREMENT,
  `workMonth` date NOT NULL,
  `description` varchar(255) CHARACTER SET utf8mb4 COLLATE utf8mb4_vi_0900_ai_ci DEFAULT NULL,
  PRIMARY KEY (`id`)
) ENGINE=InnoDB AUTO_INCREMENT=8 DEFAULT CHARSET=utf8mb4 COLLATE=utf8mb4_vi_0900_ai_ci;
/*!40101 SET character_set_client = @saved_cs_client */;

--
-- Dumping data for table `monthly`
--

LOCK TABLES `monthly` WRITE;
/*!40000 ALTER TABLE `monthly` DISABLE KEYS */;
INSERT INTO `monthly` VALUES (2,'2023-07-01',NULL),(3,'2023-06-01',NULL),(4,'2023-09-01','Thang moi'),(5,'2025-08-20','Tháng cao điểm 2'),(6,'2022-07-01','update demo'),(7,'2023-07-16','undefined');
/*!40000 ALTER TABLE `monthly` ENABLE KEYS */;
UNLOCK TABLES;

--
-- Table structure for table `staff`
--

DROP TABLE IF EXISTS `staff`;
/*!40101 SET @saved_cs_client     = @@character_set_client */;
/*!50503 SET character_set_client = utf8mb4 */;
CREATE TABLE `staff` (
  `id` int NOT NULL AUTO_INCREMENT,
  `staffName` varchar(30) COLLATE utf8mb4_vi_0900_ai_ci NOT NULL,
  `dob` date DEFAULT NULL,
  `phone` varchar(15) COLLATE utf8mb4_vi_0900_ai_ci DEFAULT NULL,
  `teamId` int DEFAULT NULL,
  `description` varchar(255) CHARACTER SET utf8mb4 COLLATE utf8mb4_vi_0900_ai_ci DEFAULT NULL,
  `isActive` tinyint(1) DEFAULT NULL,
  `isDelete` tinyint(1) DEFAULT NULL,
  PRIMARY KEY (`id`),
  KEY `fk_staff_team` (`teamId`),
  CONSTRAINT `fk_staff_team` FOREIGN KEY (`teamId`) REFERENCES `team` (`id`) ON DELETE SET NULL ON UPDATE SET NULL
) ENGINE=InnoDB AUTO_INCREMENT=6 DEFAULT CHARSET=utf8mb4 COLLATE=utf8mb4_vi_0900_ai_ci;
/*!40101 SET character_set_client = @saved_cs_client */;

--
-- Dumping data for table `staff`
--

LOCK TABLES `staff` WRITE;
/*!40000 ALTER TABLE `staff` DISABLE KEYS */;
INSERT INTO `staff` VALUES (1,'Nguyễn Văn A',NULL,'0987654311',1,'This new staff for sales',1,0),(2,'Nguyễn Văn B',NULL,NULL,1,NULL,1,0),(3,'Nguyễn Thị C',NULL,NULL,2,NULL,0,0),(4,'Nguyễn Thị D','1999-01-01','09832423409',2,'null',1,0),(5,'NQHoa','2023-07-16','0987711939',3,'update staff',1,0);
/*!40000 ALTER TABLE `staff` ENABLE KEYS */;
UNLOCK TABLES;

--
-- Table structure for table `team`
--

DROP TABLE IF EXISTS `team`;
/*!40101 SET @saved_cs_client     = @@character_set_client */;
/*!50503 SET character_set_client = utf8mb4 */;
CREATE TABLE `team` (
  `id` int NOT NULL AUTO_INCREMENT,
  `teamName` varchar(30) CHARACTER SET utf8mb4 COLLATE utf8mb4_vi_0900_ai_ci NOT NULL,
  `leaderId` int DEFAULT NULL,
  `description` varchar(255) CHARACTER SET utf8mb4 COLLATE utf8mb4_vi_0900_ai_ci DEFAULT NULL,
  `isActive` tinyint(1) DEFAULT NULL,
  `isDelete` tinyint(1) DEFAULT NULL,
  PRIMARY KEY (`id`),
  KEY `fk_team_leader` (`leaderId`),
  CONSTRAINT `fk_team_leader` FOREIGN KEY (`leaderId`) REFERENCES `staff` (`id`) ON DELETE SET NULL ON UPDATE SET NULL
) ENGINE=InnoDB AUTO_INCREMENT=8 DEFAULT CHARSET=utf8mb4 COLLATE=utf8mb4_vi_0900_ai_ci;
/*!40101 SET character_set_client = @saved_cs_client */;

--
-- Dumping data for table `team`
--

LOCK TABLES `team` WRITE;
/*!40000 ALTER TABLE `team` DISABLE KEYS */;
INSERT INTO `team` VALUES (1,'Nhóm 1',NULL,'Nhóm sản xuất 1',1,0),(2,'Nhóm 2',NULL,NULL,1,0),(3,'Nhóm 3',NULL,NULL,1,0),(4,'Nhóm 4',NULL,NULL,0,1),(5,'Nhóm 5',2,'Nhóm mới',1,1),(6,'TEAM 7',3,'DEMO ',1,0),(7,'TEAM 8',1,'DES123',1,0);
/*!40000 ALTER TABLE `team` ENABLE KEYS */;
UNLOCK TABLES;

--
-- Table structure for table `timekeeping`
--

DROP TABLE IF EXISTS `timekeeping`;
/*!40101 SET @saved_cs_client     = @@character_set_client */;
/*!50503 SET character_set_client = utf8mb4 */;
CREATE TABLE `timekeeping` (
  `id` int NOT NULL AUTO_INCREMENT,
  `dailyId` int NOT NULL,
  `staffId` int NOT NULL,
  `isCheck` tinyint(1) DEFAULT NULL,
  `description` varchar(255) CHARACTER SET utf8mb4 COLLATE utf8mb4_vi_0900_ai_ci DEFAULT NULL,
  PRIMARY KEY (`id`),
  KEY `fk_time_staff` (`staffId`),
  KEY `fk_time_daily` (`dailyId`),
  CONSTRAINT `fk_time_daily` FOREIGN KEY (`dailyId`) REFERENCES `daily` (`id`) ON DELETE CASCADE ON UPDATE CASCADE,
  CONSTRAINT `fk_time_staff` FOREIGN KEY (`staffId`) REFERENCES `staff` (`id`) ON DELETE CASCADE ON UPDATE CASCADE
) ENGINE=InnoDB AUTO_INCREMENT=493 DEFAULT CHARSET=utf8mb4 COLLATE=utf8mb4_vi_0900_ai_ci;
/*!40101 SET character_set_client = @saved_cs_client */;

--
-- Dumping data for table `timekeeping`
--

LOCK TABLES `timekeeping` WRITE;
/*!40000 ALTER TABLE `timekeeping` DISABLE KEYS */;
INSERT INTO `timekeeping` VALUES (1,32,1,0,NULL),(2,32,2,NULL,NULL),(3,33,1,NULL,NULL),(4,33,2,NULL,NULL),(5,34,1,NULL,NULL),(6,34,2,NULL,NULL),(7,35,1,NULL,NULL),(8,35,2,NULL,NULL),(9,36,1,NULL,NULL),(10,36,2,NULL,NULL),(11,37,1,NULL,NULL),(12,37,2,NULL,NULL),(13,38,1,NULL,NULL),(14,38,2,NULL,NULL),(15,39,1,NULL,NULL),(16,39,2,NULL,NULL),(17,40,1,NULL,NULL),(18,40,2,NULL,NULL),(19,41,1,NULL,NULL),(20,41,2,NULL,NULL),(21,42,1,NULL,NULL),(22,42,2,NULL,NULL),(23,43,1,NULL,NULL),(24,43,2,NULL,NULL),(25,44,1,NULL,NULL),(26,44,2,NULL,NULL),(27,45,1,NULL,NULL),(28,45,2,NULL,NULL),(29,46,1,NULL,NULL),(30,46,2,NULL,NULL),(31,47,1,NULL,NULL),(32,47,2,NULL,NULL),(33,48,1,NULL,NULL),(34,48,2,NULL,NULL),(35,49,1,NULL,NULL),(36,49,2,NULL,NULL),(37,50,1,NULL,NULL),(38,50,2,NULL,NULL),(39,51,1,NULL,NULL),(40,51,2,NULL,NULL),(41,52,1,NULL,NULL),(42,52,2,NULL,NULL),(43,53,1,NULL,NULL),(44,53,2,NULL,NULL),(45,54,1,NULL,NULL),(46,54,2,NULL,NULL),(47,55,1,NULL,NULL),(48,55,2,NULL,NULL),(49,56,1,NULL,NULL),(50,56,2,NULL,NULL),(51,57,1,NULL,NULL),(52,57,2,NULL,NULL),(53,58,1,NULL,NULL),(54,58,2,NULL,NULL),(55,59,1,NULL,NULL),(56,59,2,NULL,NULL),(57,60,1,NULL,NULL),(58,60,2,NULL,NULL),(59,61,1,NULL,NULL),(60,61,2,NULL,NULL),(61,62,1,NULL,NULL),(62,62,2,NULL,NULL),(63,63,1,NULL,NULL),(64,63,2,NULL,NULL),(65,64,1,NULL,NULL),(66,64,2,NULL,NULL),(67,65,1,NULL,NULL),(68,65,2,NULL,NULL),(69,66,1,NULL,NULL),(70,66,2,NULL,NULL),(71,67,1,NULL,NULL),(72,67,2,NULL,NULL),(73,68,1,NULL,NULL),(74,68,2,NULL,NULL),(75,69,1,NULL,NULL),(76,69,2,NULL,NULL),(77,70,1,NULL,NULL),(78,70,2,NULL,NULL),(79,71,1,NULL,NULL),(80,71,2,NULL,NULL),(81,72,1,NULL,NULL),(82,72,2,NULL,NULL),(83,73,1,NULL,NULL),(84,73,2,NULL,NULL),(85,74,1,NULL,NULL),(86,74,2,NULL,NULL),(87,75,1,NULL,NULL),(88,75,2,NULL,NULL),(89,76,1,NULL,NULL),(90,76,2,NULL,NULL),(91,77,1,NULL,NULL),(92,77,2,NULL,NULL),(93,78,1,NULL,NULL),(94,78,2,NULL,NULL),(95,79,1,NULL,NULL),(96,79,2,NULL,NULL),(97,80,1,NULL,NULL),(98,80,2,NULL,NULL),(99,81,1,NULL,NULL),(100,81,2,NULL,NULL),(101,82,1,NULL,NULL),(102,82,2,NULL,NULL),(103,83,1,NULL,NULL),(104,83,2,NULL,NULL),(105,84,1,NULL,NULL),(106,84,2,NULL,NULL),(107,85,1,NULL,NULL),(108,85,2,NULL,NULL),(109,86,1,NULL,NULL),(110,86,2,NULL,NULL),(111,87,1,NULL,NULL),(112,87,2,NULL,NULL),(113,88,1,NULL,NULL),(114,88,2,NULL,NULL),(115,89,1,NULL,NULL),(116,89,2,NULL,NULL),(117,90,1,NULL,NULL),(118,90,2,NULL,NULL),(119,91,1,NULL,NULL),(120,91,2,NULL,NULL),(121,92,1,NULL,NULL),(122,92,2,NULL,NULL),(123,92,4,NULL,NULL),(124,92,5,NULL,NULL),(125,93,1,NULL,NULL),(126,93,2,NULL,NULL),(127,93,4,NULL,NULL),(128,93,5,NULL,NULL),(129,94,1,NULL,NULL),(130,94,2,NULL,NULL),(131,94,4,NULL,NULL),(132,94,5,NULL,NULL),(133,95,1,NULL,NULL),(134,95,2,NULL,NULL),(135,95,4,NULL,NULL),(136,95,5,NULL,NULL),(137,96,1,NULL,NULL),(138,96,2,NULL,NULL),(139,96,4,NULL,NULL),(140,96,5,NULL,NULL),(141,97,1,NULL,NULL),(142,97,2,NULL,NULL),(143,97,4,NULL,NULL),(144,97,5,NULL,NULL),(145,98,1,NULL,NULL),(146,98,2,NULL,NULL),(147,98,4,NULL,NULL),(148,98,5,NULL,NULL),(149,99,1,NULL,NULL),(150,99,2,NULL,NULL),(151,99,4,NULL,NULL),(152,99,5,NULL,NULL),(153,100,1,NULL,NULL),(154,100,2,NULL,NULL),(155,100,4,NULL,NULL),(156,100,5,NULL,NULL),(157,101,1,NULL,NULL),(158,101,2,NULL,NULL),(159,101,4,NULL,NULL),(160,101,5,NULL,NULL),(161,102,1,NULL,NULL),(162,102,2,NULL,NULL),(163,102,4,NULL,NULL),(164,102,5,NULL,NULL),(165,103,1,NULL,NULL),(166,103,2,NULL,NULL),(167,103,4,NULL,NULL),(168,103,5,NULL,NULL),(169,104,1,NULL,NULL),(170,104,2,NULL,NULL),(171,104,4,NULL,NULL),(172,104,5,NULL,NULL),(173,105,1,NULL,NULL),(174,105,2,NULL,NULL),(175,105,4,NULL,NULL),(176,105,5,NULL,NULL),(177,106,1,NULL,NULL),(178,106,2,NULL,NULL),(179,106,4,NULL,NULL),(180,106,5,NULL,NULL),(181,107,1,NULL,NULL),(182,107,2,NULL,NULL),(183,107,4,NULL,NULL),(184,107,5,NULL,NULL),(185,108,1,NULL,NULL),(186,108,2,NULL,NULL),(187,108,4,NULL,NULL),(188,108,5,NULL,NULL),(189,109,1,NULL,NULL),(190,109,2,NULL,NULL),(191,109,4,NULL,NULL),(192,109,5,NULL,NULL),(193,110,1,NULL,NULL),(194,110,2,NULL,NULL),(195,110,4,NULL,NULL),(196,110,5,NULL,NULL),(197,111,1,NULL,NULL),(198,111,2,NULL,NULL),(199,111,4,NULL,NULL),(200,111,5,NULL,NULL),(201,112,1,NULL,NULL),(202,112,2,NULL,NULL),(203,112,4,NULL,NULL),(204,112,5,NULL,NULL),(205,113,1,NULL,NULL),(206,113,2,NULL,NULL),(207,113,4,NULL,NULL),(208,113,5,NULL,NULL),(209,114,1,NULL,NULL),(210,114,2,NULL,NULL),(211,114,4,NULL,NULL),(212,114,5,NULL,NULL),(213,115,1,NULL,NULL),(214,115,2,NULL,NULL),(215,115,4,NULL,NULL),(216,115,5,NULL,NULL),(217,116,1,NULL,NULL),(218,116,2,NULL,NULL),(219,116,4,NULL,NULL),(220,116,5,NULL,NULL),(221,117,1,NULL,NULL),(222,117,2,NULL,NULL),(223,117,4,NULL,NULL),(224,117,5,NULL,NULL),(225,118,1,NULL,NULL),(226,118,2,NULL,NULL),(227,118,4,NULL,NULL),(228,118,5,NULL,NULL),(229,119,1,NULL,NULL),(230,119,2,NULL,NULL),(231,119,4,NULL,NULL),(232,119,5,NULL,NULL),(233,120,1,NULL,NULL),(234,120,2,NULL,NULL),(235,120,4,NULL,NULL),(236,120,5,NULL,NULL),(237,121,1,NULL,NULL),(238,121,2,NULL,NULL),(239,121,4,NULL,NULL),(240,121,5,NULL,NULL),(241,122,1,NULL,NULL),(242,122,2,NULL,NULL),(243,122,4,NULL,NULL),(244,122,5,NULL,NULL),(245,123,1,NULL,NULL),(246,123,2,NULL,NULL),(247,123,4,NULL,NULL),(248,123,5,NULL,NULL),(249,124,1,NULL,NULL),(250,124,2,NULL,NULL),(251,124,4,NULL,NULL),(252,124,5,NULL,NULL),(253,125,1,NULL,NULL),(254,125,2,NULL,NULL),(255,125,4,NULL,NULL),(256,125,5,NULL,NULL),(257,126,1,NULL,NULL),(258,126,2,NULL,NULL),(259,126,4,NULL,NULL),(260,126,5,NULL,NULL),(261,127,1,NULL,NULL),(262,127,2,NULL,NULL),(263,127,4,NULL,NULL),(264,127,5,NULL,NULL),(265,128,1,NULL,NULL),(266,128,2,NULL,NULL),(267,128,4,NULL,NULL),(268,128,5,NULL,NULL),(269,129,1,NULL,NULL),(270,129,2,NULL,NULL),(271,129,4,NULL,NULL),(272,129,5,NULL,NULL),(273,130,1,NULL,NULL),(274,130,2,NULL,NULL),(275,130,4,NULL,NULL),(276,130,5,NULL,NULL),(277,131,1,NULL,NULL),(278,131,2,NULL,NULL),(279,131,4,NULL,NULL),(280,131,5,NULL,NULL),(281,132,1,NULL,NULL),(282,132,2,NULL,NULL),(283,132,4,NULL,NULL),(284,132,5,NULL,NULL),(285,133,1,NULL,NULL),(286,133,2,NULL,NULL),(287,133,4,NULL,NULL),(288,133,5,NULL,NULL),(289,134,1,NULL,NULL),(290,134,2,NULL,NULL),(291,134,4,NULL,NULL),(292,134,5,NULL,NULL),(293,135,1,NULL,NULL),(294,135,2,NULL,NULL),(295,135,4,NULL,NULL),(296,135,5,NULL,NULL),(297,136,1,NULL,NULL),(298,136,2,NULL,NULL),(299,136,4,NULL,NULL),(300,136,5,NULL,NULL),(301,137,1,NULL,NULL),(302,137,2,NULL,NULL),(303,137,4,NULL,NULL),(304,137,5,NULL,NULL),(305,138,1,NULL,NULL),(306,138,2,NULL,NULL),(307,138,4,NULL,NULL),(308,138,5,NULL,NULL),(309,139,1,NULL,NULL),(310,139,2,NULL,NULL),(311,139,4,NULL,NULL),(312,139,5,NULL,NULL),(313,140,1,NULL,NULL),(314,140,2,NULL,NULL),(315,140,4,NULL,NULL),(316,140,5,NULL,NULL),(317,141,1,NULL,NULL),(318,141,2,NULL,NULL),(319,141,4,NULL,NULL),(320,141,5,NULL,NULL),(321,142,1,NULL,NULL),(322,142,2,NULL,NULL),(323,142,4,NULL,NULL),(324,142,5,NULL,NULL),(325,143,1,NULL,NULL),(326,143,2,NULL,NULL),(327,143,4,NULL,NULL),(328,143,5,NULL,NULL),(329,144,1,NULL,NULL),(330,144,2,NULL,NULL),(331,144,4,NULL,NULL),(332,144,5,NULL,NULL),(333,145,1,NULL,NULL),(334,145,2,NULL,NULL),(335,145,4,NULL,NULL),(336,145,5,NULL,NULL),(337,146,1,NULL,NULL),(338,146,2,NULL,NULL),(339,146,4,NULL,NULL),(340,146,5,NULL,NULL),(341,147,1,NULL,NULL),(342,147,2,NULL,NULL),(343,147,4,NULL,NULL),(344,147,5,NULL,NULL),(345,148,1,NULL,NULL),(346,148,2,NULL,NULL),(347,148,4,NULL,NULL),(348,148,5,NULL,NULL),(349,149,1,NULL,NULL),(350,149,2,NULL,NULL),(351,149,4,NULL,NULL),(352,149,5,NULL,NULL),(353,150,1,NULL,NULL),(354,150,2,NULL,NULL),(355,150,4,NULL,NULL),(356,150,5,NULL,NULL),(357,151,1,NULL,NULL),(358,151,2,NULL,NULL),(359,151,4,NULL,NULL),(360,151,5,NULL,NULL),(361,152,1,NULL,NULL),(362,152,2,NULL,NULL),(363,152,4,NULL,NULL),(364,152,5,NULL,NULL),(365,153,1,NULL,NULL),(366,153,2,NULL,NULL),(367,153,4,NULL,NULL),(368,153,5,NULL,NULL),(369,154,1,NULL,NULL),(370,154,2,NULL,NULL),(371,154,4,NULL,NULL),(372,154,5,NULL,NULL),(373,155,1,NULL,NULL),(374,155,2,NULL,NULL),(375,155,4,NULL,NULL),(376,155,5,NULL,NULL),(377,156,1,NULL,NULL),(378,156,2,NULL,NULL),(379,156,4,NULL,NULL),(380,156,5,NULL,NULL),(381,157,1,NULL,NULL),(382,157,2,NULL,NULL),(383,157,4,NULL,NULL),(384,157,5,NULL,NULL),(385,158,1,NULL,NULL),(386,158,2,NULL,NULL),(387,158,4,NULL,NULL),(388,158,5,NULL,NULL),(389,159,1,NULL,NULL),(390,159,2,NULL,NULL),(391,159,4,NULL,NULL),(392,159,5,NULL,NULL),(393,160,1,NULL,NULL),(394,160,2,NULL,NULL),(395,160,4,NULL,NULL),(396,160,5,NULL,NULL),(397,161,1,NULL,NULL),(398,161,2,NULL,NULL),(399,161,4,NULL,NULL),(400,161,5,NULL,NULL),(401,162,1,NULL,NULL),(402,162,2,NULL,NULL),(403,162,4,NULL,NULL),(404,162,5,NULL,NULL),(405,163,1,NULL,NULL),(406,163,2,NULL,NULL),(407,163,4,NULL,NULL),(408,163,5,NULL,NULL),(409,164,1,NULL,NULL),(410,164,2,NULL,NULL),(411,164,4,NULL,NULL),(412,164,5,NULL,NULL),(413,165,1,NULL,NULL),(414,165,2,NULL,NULL),(415,165,4,NULL,NULL),(416,165,5,NULL,NULL),(417,166,1,NULL,NULL),(418,166,2,NULL,NULL),(419,166,4,NULL,NULL),(420,166,5,NULL,NULL),(421,167,1,NULL,NULL),(422,167,2,NULL,NULL),(423,167,4,NULL,NULL),(424,167,5,NULL,NULL),(425,168,1,NULL,NULL),(426,168,2,NULL,NULL),(427,168,4,NULL,NULL),(428,168,5,NULL,NULL),(429,169,1,1,'Nhân viên trễ giờ 1h'),(430,169,2,0,NULL),(431,169,4,NULL,NULL),(432,169,5,NULL,NULL),(433,170,1,NULL,NULL),(434,170,2,NULL,NULL),(435,170,4,NULL,NULL),(436,170,5,NULL,NULL),(437,171,1,NULL,NULL),(438,171,2,NULL,NULL),(439,171,4,NULL,NULL),(440,171,5,NULL,NULL),(441,172,1,NULL,NULL),(442,172,2,NULL,NULL),(443,172,4,NULL,NULL),(444,172,5,NULL,NULL),(445,173,1,NULL,NULL),(446,173,2,NULL,NULL),(447,173,4,NULL,NULL),(448,173,5,NULL,NULL),(449,174,1,NULL,NULL),(450,174,2,NULL,NULL),(451,174,4,NULL,NULL),(452,174,5,NULL,NULL),(453,175,1,NULL,NULL),(454,175,2,NULL,NULL),(455,175,4,NULL,NULL),(456,175,5,NULL,NULL),(457,176,1,NULL,NULL),(458,176,2,NULL,NULL),(459,176,4,NULL,NULL),(460,176,5,NULL,NULL),(461,177,1,NULL,NULL),(462,177,2,NULL,NULL),(463,177,4,NULL,NULL),(464,177,5,NULL,NULL),(465,178,1,NULL,NULL),(466,178,2,NULL,NULL),(467,178,4,NULL,NULL),(468,178,5,NULL,NULL),(469,179,1,NULL,NULL),(470,179,2,NULL,NULL),(471,179,4,NULL,NULL),(472,179,5,NULL,NULL),(473,180,1,NULL,NULL),(474,180,2,NULL,NULL),(475,180,4,NULL,NULL),(476,180,5,NULL,NULL),(477,181,1,NULL,NULL),(478,181,2,NULL,NULL),(479,181,4,NULL,NULL),(480,181,5,NULL,NULL),(481,182,1,NULL,NULL),(482,182,2,NULL,NULL),(483,182,4,NULL,NULL),(484,182,5,NULL,NULL),(485,183,1,NULL,NULL),(486,183,2,NULL,NULL),(487,183,4,NULL,NULL),(488,183,5,NULL,NULL),(489,184,1,NULL,NULL),(490,184,2,NULL,NULL),(491,184,4,NULL,NULL),(492,184,5,NULL,NULL);
/*!40000 ALTER TABLE `timekeeping` ENABLE KEYS */;
UNLOCK TABLES;
/*!40103 SET TIME_ZONE=@OLD_TIME_ZONE */;

/*!40101 SET SQL_MODE=@OLD_SQL_MODE */;
/*!40014 SET FOREIGN_KEY_CHECKS=@OLD_FOREIGN_KEY_CHECKS */;
/*!40014 SET UNIQUE_CHECKS=@OLD_UNIQUE_CHECKS */;
/*!40101 SET CHARACTER_SET_CLIENT=@OLD_CHARACTER_SET_CLIENT */;
/*!40101 SET CHARACTER_SET_RESULTS=@OLD_CHARACTER_SET_RESULTS */;
/*!40101 SET COLLATION_CONNECTION=@OLD_COLLATION_CONNECTION */;
/*!40111 SET SQL_NOTES=@OLD_SQL_NOTES */;

-- Dump completed on 2023-07-21 18:21:42
